{
    "weights": {
        "MILES_FLOWN_7D": 7.720304280136432e-06,
        "TZ_CROSSED_7D": 0.017342664488951404,
        "GAMES_IN_7D": -0.19676797103348354,
        "B2B_IN_7D": -0.07977155410279521,
        "RECENT_WORKLOAD_MIN": -0.053560390480446494
    },
    "bias": -0.21451391542831522,
    "standardized_coefficients": {
        "MILES_FLOWN_7D": 0.008065958190109915,
        "TZ_CROSSED_7D": 0.02710593639098707,
        "GAMES_IN_7D": -0.2255692427715063,
        "B2B_IN_7D": -0.03759295911916547,
        "RECENT_WORKLOAD_MIN": -0.6056386526568772
    },
    "accuracy": 0.7175116086762928,
    "intercept": -0.21451391542831522,
    "means": {
        "MILES_FLOWN_7D": 1344.3416875352127,
        "TZ_CROSSED_7D": 1.4427431871962546,
        "GAMES_IN_7D": 2.5353553344698607,
        "B2B_IN_7D": 0.30632808325487904,
        "RECENT_WORKLOAD_MIN": 21.307974351797665
    },
    "scales": {
        "MILES_FLOWN_7D": 1044.7720578660112,
        "TZ_CROSSED_7D": 1.5629626236646401,
        "GAMES_IN_7D": 1.146371747326305,
        "B2B_IN_7D": 0.47125770009096773,
        "RECENT_WORKLOAD_MIN": 11.307584713707048
    },
    "model_type": "LogisticRegression"
}