{
    "odunk": {
        "USG_PCT": 10.216399670280953,
        "TS_PCT": 17.206794133843005,
        "AST_PCT": 7.83756487265861,
        "TOV_PCT": -0.30710263964767553,
        "OREB_PCT": 3.436525995796521,
        "DREB_PCT": 4.23172531112834,
        "STL_PCT": 1.3845961107855014,
        "BLK_PCT": -0.23421104164535894,
        "intercept": -10.900997200467025
    },
    "ddunk": {
        "USG_PCT": 6.597572276689496,
        "TS_PCT": 2.607125580600419,
        "AST_PCT": -0.7794841837979897,
        "TOV_PCT": 0.03354276233924996,
        "OREB_PCT": 0.327151254719314,
        "DREB_PCT": -0.6867480412285476,
        "STL_PCT": -5.681361498838827,
        "BLK_PCT": -2.497548324515505,
        "intercept": -1.223591766677268
    },
    "cdunk": {
        "USG_PCT": 3.6454254268139294,
        "TS_PCT": 14.609009617841421,
        "AST_PCT": 8.62624816400508,
        "TOV_PCT": -0.34078866577277744,
        "OREB_PCT": 3.1132757699597375,
        "DREB_PCT": 4.9244672670064835,
        "STL_PCT": 7.036618983609713,
        "BLK_PCT": 2.257602089826014,
        "intercept": -9.681654862022555
    },
    "oDUNK": {
        "USG_PCT": 10.2164,
        "TS_PCT": 17.2068,
        "AST_PCT": 7.8376,
        "TOV_PCT": -0.3071,
        "OREB_PCT": 3.4365,
        "DREB_PCT": 4.2317,
        "STL_PCT": 1.3846,
        "BLK_PCT": -0.2342,
        "intercept": -10.901
    },
    "dDUNK": {
        "USG_PCT": 6.5976,
        "TS_PCT": 2.6071,
        "AST_PCT": -0.7795,
        "TOV_PCT": 0.0335,
        "OREB_PCT": 0.3272,
        "DREB_PCT": -0.6867,
        "STL_PCT": -5.6814,
        "BLK_PCT": -2.4975,
        "intercept": -1.2236
    }
}