{
    "weights": {
        "USG_PCT": 3.6454254268139294,
        "TS_PCT": 14.609009617841421,
        "AST_PCT": 8.62624816400508,
        "TOV_PCT": -0.34078866577277744,
        "OREB_PCT": 3.1132757699597375,
        "DREB_PCT": 4.9244672670064835,
        "STL_PCT": 7.036618983609713,
        "BLK_PCT": 2.257602089826014,
        "intercept": -9.681654862022555
    },
    "r_squared": 0.15556075001537384,
    "dropped": [
        [
            "USG_x_TS",
            193.52216022429585
        ],
        [
            "PIE",
            16.924618499183996
        ]
    ]
}